<?xml version="1.0" encoding="UTF-8"?>
<GenRun Id="synth_1" LaunchPart="xc7s50csga324-1" LaunchTime="1739520804" LaunchIncrCheckpoint="$PSRCDIR/utils_1/imports/synth_1/adder_toplevel.dcp">
  <File Type="VDS-TIMINGSUMMARY" Name="adder_toplevel_timing_summary_synth.rpt"/>
  <File Type="RDS-DCP" Name="adder_toplevel.dcp"/>
  <File Type="RDS-UTIL-PB" Name="adder_toplevel_utilization_synth.pb"/>
  <File Type="RDS-UTIL" Name="adder_toplevel_utilization_synth.rpt"/>
  <File Type="RDS-PROPCONSTRS" Name="adder_toplevel_drc_synth.rpt"/>
  <File Type="RDS-RDS" Name="adder_toplevel.vds"/>
  <File Type="REPORTS-TCL" Name="adder_toplevel_reports.tcl"/>
  <File Type="VDS-TIMING-PB" Name="adder_toplevel_timing_summary_synth.pb"/>
  <File Type="PA-TCL" Name="adder_toplevel.tcl"/>
  <FileSet Name="sources" Type="DesignSrcs" RelSrcDir="$PSRCDIR/sources_1" RelGenDir="$PGENDIR/sources_1">
    <Filter Type="Srcs"/>
    <File Path="$PSRCDIR/sources_1/new/full_adder.sv">
      <FileInfo>
        <Attr Name="UsedIn" Val="synthesis"/>
        <Attr Name="UsedIn" Val="implementation"/>
        <Attr Name="UsedIn" Val="simulation"/>
      </FileInfo>
    </File>
    <File Path="$PSRCDIR/sources_1/imports/design_source/hex_driver.sv">
      <FileInfo>
        <Attr Name="ImportPath" Val="$PPRDIR/../vivado/lab3_provided_fa24-2/design_source/hex_driver.sv"/>
        <Attr Name="ImportTime" Val="1739318843"/>
        <Attr Name="UsedIn" Val="synthesis"/>
        <Attr Name="UsedIn" Val="implementation"/>
        <Attr Name="UsedIn" Val="simulation"/>
      </FileInfo>
    </File>
    <File Path="$PSRCDIR/sources_1/imports/design_source/load_reg.sv">
      <FileInfo>
        <Attr Name="ImportPath" Val="$PPRDIR/../vivado/lab3_provided_fa24-2/design_source/load_reg.sv"/>
        <Attr Name="ImportTime" Val="1739318843"/>
        <Attr Name="UsedIn" Val="synthesis"/>
        <Attr Name="UsedIn" Val="implementation"/>
        <Attr Name="UsedIn" Val="simulation"/>
      </FileInfo>
    </File>
    <File Path="$PSRCDIR/sources_1/imports/design_source/negedge_detector.sv">
      <FileInfo>
        <Attr Name="ImportPath" Val="$PPRDIR/../vivado/lab3_provided_fa24-2/design_source/negedge_detector.sv"/>
        <Attr Name="ImportTime" Val="1739318843"/>
        <Attr Name="UsedIn" Val="synthesis"/>
        <Attr Name="UsedIn" Val="implementation"/>
        <Attr Name="UsedIn" Val="simulation"/>
      </FileInfo>
    </File>
    <File Path="$PSRCDIR/sources_1/imports/design_source/ripple_adder.sv">
      <FileInfo>
        <Attr Name="ImportPath" Val="$PPRDIR/../vivado/lab3_provided_fa24-2/design_source/ripple_adder.sv"/>
        <Attr Name="ImportTime" Val="1739318843"/>
        <Attr Name="UsedIn" Val="synthesis"/>
        <Attr Name="UsedIn" Val="implementation"/>
        <Attr Name="UsedIn" Val="simulation"/>
      </FileInfo>
    </File>
    <File Path="$PSRCDIR/sources_1/imports/design_source/select_adder.sv">
      <FileInfo>
        <Attr Name="ImportPath" Val="$PPRDIR/../vivado/lab3_provided_fa24-2/design_source/select_adder.sv"/>
        <Attr Name="ImportTime" Val="1739318843"/>
        <Attr Name="UsedIn" Val="synthesis"/>
        <Attr Name="UsedIn" Val="implementation"/>
        <Attr Name="UsedIn" Val="simulation"/>
      </FileInfo>
    </File>
    <File Path="$PSRCDIR/sources_1/imports/design_source/sync_debounce.sv">
      <FileInfo>
        <Attr Name="ImportPath" Val="$PPRDIR/../vivado/lab3_provided_fa24-2/design_source/sync_debounce.sv"/>
        <Attr Name="ImportTime" Val="1739318843"/>
        <Attr Name="UsedIn" Val="synthesis"/>
        <Attr Name="UsedIn" Val="implementation"/>
        <Attr Name="UsedIn" Val="simulation"/>
      </FileInfo>
    </File>
    <File Path="$PSRCDIR/sources_1/imports/design_source/adder_toplevel.sv">
      <FileInfo>
        <Attr Name="ImportPath" Val="$PPRDIR/../vivado/lab3_provided_fa24-2/design_source/adder_toplevel.sv"/>
        <Attr Name="ImportTime" Val="1739318843"/>
        <Attr Name="UsedIn" Val="synthesis"/>
        <Attr Name="UsedIn" Val="implementation"/>
        <Attr Name="UsedIn" Val="simulation"/>
      </FileInfo>
    </File>
    <File Path="$PSRCDIR/sources_1/imports/design_source/lookahead_adder.sv">
      <FileInfo>
        <Attr Name="AutoDisabled" Val="1"/>
        <Attr Name="ImportPath" Val="$PPRDIR/../vivado/lab3_provided_fa24-2/design_source/lookahead_adder.sv"/>
        <Attr Name="ImportTime" Val="1739318843"/>
        <Attr Name="UsedIn" Val="synthesis"/>
        <Attr Name="UsedIn" Val="implementation"/>
        <Attr Name="UsedIn" Val="simulation"/>
      </FileInfo>
    </File>
    <File Path="$PSRCDIR/sources_1/new/ADDER4.sv">
      <FileInfo>
        <Attr Name="AutoDisabled" Val="1"/>
        <Attr Name="UsedIn" Val="synthesis"/>
        <Attr Name="UsedIn" Val="implementation"/>
        <Attr Name="UsedIn" Val="simulation"/>
      </FileInfo>
    </File>
    <Config>
      <Option Name="DesignMode" Val="RTL"/>
      <Option Name="TopModule" Val="adder_toplevel"/>
      <Option Name="TopAutoSet" Val="TRUE"/>
    </Config>
  </FileSet>
  <FileSet Name="constrs_in" Type="Constrs" RelSrcDir="$PSRCDIR/constrs_1">
    <Filter Type="Constrs"/>
    <File Path="$PSRCDIR/constrs_1/imports/pin_assignment/top.xdc">
      <FileInfo>
        <Attr Name="ImportPath" Val="$PPRDIR/../vivado/lab3_provided_fa24-2/pin_assignment/top.xdc"/>
        <Attr Name="ImportTime" Val="1739318843"/>
        <Attr Name="UsedIn" Val="synthesis"/>
        <Attr Name="UsedIn" Val="implementation"/>
      </FileInfo>
    </File>
    <Config>
      <Option Name="ConstrsType" Val="XDC"/>
    </Config>
  </FileSet>
  <FileSet Name="utils" Type="Utils" RelSrcDir="$PSRCDIR/utils_1">
    <Filter Type="Utils"/>
    <File Path="$PSRCDIR/utils_1/imports/synth_1/adder_toplevel.dcp">
      <FileInfo>
        <Attr Name="UsedIn" Val="synthesis"/>
        <Attr Name="UsedIn" Val="implementation"/>
        <Attr Name="UsedInSteps" Val="synth_1"/>
        <Attr Name="AutoDcp" Val="1"/>
      </FileInfo>
    </File>
    <Config>
      <Option Name="TopAutoSet" Val="TRUE"/>
    </Config>
  </FileSet>
  <Strategy Version="1" Minor="2">
    <StratHandle Name="Vivado Synthesis Defaults" Flow="Vivado Synthesis 2022"/>
    <Step Id="synth_design"/>
  </Strategy>
</GenRun>
