<?xml version="1.0" encoding="UTF-8"?>
<GenRun Id="synth_1" LaunchPart="xc7s50csga324-1" LaunchTime="1738916366" LaunchIncrCheckpoint="$PSRCDIR/utils_1/imports/synth_1/Processor.dcp">
  <File Type="PA-TCL" Name="Processor.tcl"/>
  <File Type="RDS-PROPCONSTRS" Name="Processor_drc_synth.rpt"/>
  <File Type="REPORTS-TCL" Name="Processor_reports.tcl"/>
  <File Type="RDS-RDS" Name="Processor.vds"/>
  <File Type="RDS-UTIL" Name="Processor_utilization_synth.rpt"/>
  <File Type="RDS-UTIL-PB" Name="Processor_utilization_synth.pb"/>
  <File Type="RDS-DCP" Name="Processor.dcp"/>
  <File Type="VDS-TIMINGSUMMARY" Name="Processor_timing_summary_synth.rpt"/>
  <File Type="VDS-TIMING-PB" Name="Processor_timing_summary_synth.pb"/>
  <FileSet Name="sources" Type="DesignSrcs" RelSrcDir="$PSRCDIR/sources_1" RelGenDir="$PGENDIR/sources_1">
    <Filter Type="Srcs"/>
    <File Path="$PSRCDIR/sources_1/imports/design_source/Control.sv">
      <FileInfo>
        <Attr Name="ImportPath" Val="$PPRDIR/../vivado/lab22_provided_sp24/design_source/Control.sv"/>
        <Attr Name="ImportTime" Val="1738881537"/>
        <Attr Name="UsedIn" Val="synthesis"/>
        <Attr Name="UsedIn" Val="implementation"/>
        <Attr Name="UsedIn" Val="simulation"/>
      </FileInfo>
    </File>
    <File Path="$PSRCDIR/sources_1/imports/design_source/HexDriver.sv">
      <FileInfo>
        <Attr Name="ImportPath" Val="$PPRDIR/../vivado/lab22_provided_sp24/design_source/HexDriver.sv"/>
        <Attr Name="ImportTime" Val="1738881537"/>
        <Attr Name="UsedIn" Val="synthesis"/>
        <Attr Name="UsedIn" Val="implementation"/>
        <Attr Name="UsedIn" Val="simulation"/>
      </FileInfo>
    </File>
    <File Path="$PSRCDIR/sources_1/imports/design_source/Reg_4.sv">
      <FileInfo>
        <Attr Name="ImportPath" Val="$PPRDIR/../vivado/lab22_provided_sp24/design_source/Reg_4.sv"/>
        <Attr Name="ImportTime" Val="1738881537"/>
        <Attr Name="UsedIn" Val="synthesis"/>
        <Attr Name="UsedIn" Val="implementation"/>
        <Attr Name="UsedIn" Val="simulation"/>
      </FileInfo>
    </File>
    <File Path="$PSRCDIR/sources_1/imports/design_source/Register_unit.sv">
      <FileInfo>
        <Attr Name="ImportPath" Val="$PPRDIR/../vivado/lab22_provided_sp24/design_source/Register_unit.sv"/>
        <Attr Name="ImportTime" Val="1738881537"/>
        <Attr Name="UsedIn" Val="synthesis"/>
        <Attr Name="UsedIn" Val="implementation"/>
        <Attr Name="UsedIn" Val="simulation"/>
      </FileInfo>
    </File>
    <File Path="$PSRCDIR/sources_1/imports/design_source/Router.sv">
      <FileInfo>
        <Attr Name="ImportPath" Val="$PPRDIR/../vivado/lab22_provided_sp24/design_source/Router.sv"/>
        <Attr Name="ImportTime" Val="1738881537"/>
        <Attr Name="UsedIn" Val="synthesis"/>
        <Attr Name="UsedIn" Val="implementation"/>
        <Attr Name="UsedIn" Val="simulation"/>
      </FileInfo>
    </File>
    <File Path="$PSRCDIR/sources_1/imports/design_source/Synchronizers.sv">
      <FileInfo>
        <Attr Name="ImportPath" Val="$PPRDIR/../vivado/lab22_provided_sp24/design_source/Synchronizers.sv"/>
        <Attr Name="ImportTime" Val="1738881537"/>
        <Attr Name="UsedIn" Val="synthesis"/>
        <Attr Name="UsedIn" Val="implementation"/>
        <Attr Name="UsedIn" Val="simulation"/>
      </FileInfo>
    </File>
    <File Path="$PSRCDIR/sources_1/imports/design_source/compute.sv">
      <FileInfo>
        <Attr Name="ImportPath" Val="$PPRDIR/../vivado/lab22_provided_sp24/design_source/compute.sv"/>
        <Attr Name="ImportTime" Val="1738881537"/>
        <Attr Name="UsedIn" Val="synthesis"/>
        <Attr Name="UsedIn" Val="implementation"/>
        <Attr Name="UsedIn" Val="simulation"/>
      </FileInfo>
    </File>
    <File Path="$PSRCDIR/sources_1/imports/design_source/Processor.sv">
      <FileInfo>
        <Attr Name="ImportPath" Val="$PPRDIR/../vivado/lab22_provided_sp24/design_source/Processor.sv"/>
        <Attr Name="ImportTime" Val="1738881537"/>
        <Attr Name="UsedIn" Val="synthesis"/>
        <Attr Name="UsedIn" Val="implementation"/>
        <Attr Name="UsedIn" Val="simulation"/>
      </FileInfo>
    </File>
    <Config>
      <Option Name="DesignMode" Val="RTL"/>
      <Option Name="TopModule" Val="Processor"/>
      <Option Name="TopAutoSet" Val="TRUE"/>
    </Config>
  </FileSet>
  <FileSet Name="constrs_in" Type="Constrs" RelSrcDir="$PSRCDIR/constrs_1">
    <Filter Type="Constrs"/>
    <File Path="$PSRCDIR/constrs_1/new/lab2_2.xdc">
      <FileInfo>
        <Attr Name="UsedIn" Val="synthesis"/>
        <Attr Name="UsedIn" Val="implementation"/>
      </FileInfo>
    </File>
    <Config>
      <Option Name="TargetConstrsFile" Val="$PSRCDIR/constrs_1/new/lab2_2.xdc"/>
      <Option Name="ConstrsType" Val="XDC"/>
    </Config>
  </FileSet>
  <FileSet Name="utils" Type="Utils" RelSrcDir="$PSRCDIR/utils_1">
    <Filter Type="Utils"/>
    <File Path="$PSRCDIR/utils_1/imports/synth_1/Processor.dcp">
      <FileInfo>
        <Attr Name="UsedIn" Val="synthesis"/>
        <Attr Name="UsedIn" Val="implementation"/>
        <Attr Name="UsedInSteps" Val="synth_1"/>
        <Attr Name="AutoDcp" Val="1"/>
      </FileInfo>
    </File>
    <Config>
      <Option Name="TopAutoSet" Val="TRUE"/>
    </Config>
  </FileSet>
  <Strategy Version="1" Minor="2">
    <StratHandle Name="Vivado Synthesis Defaults" Flow="Vivado Synthesis 2022"/>
    <Step Id="synth_design"/>
  </Strategy>
</GenRun>
