<?xml version="1.0" encoding="UTF-8"?>
<GenRun Id="impl_1" LaunchPart="xc7s50csga324-1" LaunchTime="1739520881">
  <File Type="POSTROUTE-PHYSOPT-RQS-RPT" Name="postroute_physopt_report_qor_suggestions_0.rpt"/>
  <File Type="ROUTE-RQS-RPT" Name="route_report_qor_suggestions_0.rpt"/>
  <File Type="POSTROUTE-PHYSOPT-RQS" Name="adder_toplevel_postroute_physopted.rqs"/>
  <File Type="ROUTE-RQS" Name="adder_toplevel_routed.rqs"/>
  <File Type="WBT-USG" Name="usage_statistics_webtalk.html"/>
  <File Type="BG-DRC" Name="adder_toplevel.drc"/>
  <File Type="BG-BGN" Name="adder_toplevel.bgn"/>
  <File Type="BITSTR-SYSDEF" Name="adder_toplevel.sysdef"/>
  <File Type="BITSTR-LTX" Name="debug_nets.ltx"/>
  <File Type="BITSTR-LTX" Name="adder_toplevel.ltx"/>
  <File Type="RBD_FILE" Name="adder_toplevel.rbd"/>
  <File Type="NPI_FILE" Name="adder_toplevel.npi"/>
  <File Type="RNPI_FILE" Name="adder_toplevel.rnpi"/>
  <File Type="CFI_FILE" Name="adder_toplevel.cfi"/>
  <File Type="RCFI_FILE" Name="adder_toplevel.rcfi"/>
  <File Type="RDI-RDI" Name="adder_toplevel.vdi"/>
  <File Type="PDI-FILE" Name="adder_toplevel.pdi"/>
  <File Type="BITSTR-MMI" Name="adder_toplevel.mmi"/>
  <File Type="BITSTR-BMM" Name="adder_toplevel_bd.bmm"/>
  <File Type="BITSTR-NKY" Name="adder_toplevel.nky"/>
  <File Type="BITSTR-RBT" Name="adder_toplevel.rbt"/>
  <File Type="BITSTR-MSK" Name="adder_toplevel.msk"/>
  <File Type="BG-BIN" Name="adder_toplevel.bin"/>
  <File Type="BG-BIT" Name="adder_toplevel.bit"/>
  <File Type="POSTROUTE-PHYSOPT-BUS-SKEW-RPX" Name="adder_toplevel_bus_skew_postroute_physopted.rpx"/>
  <File Type="POSTROUTE-PHYSOPT-BUS-SKEW-PB" Name="adder_toplevel_bus_skew_postroute_physopted.pb"/>
  <File Type="POSTROUTE-PHYSOPT-BUS-SKEW" Name="adder_toplevel_bus_skew_postroute_physopted.rpt"/>
  <File Type="POSTROUTE-PHYSOPT-TIMING-RPX" Name="adder_toplevel_timing_summary_postroute_physopted.rpx"/>
  <File Type="POSTROUTE-PHYSOPT-TIMING-PB" Name="adder_toplevel_timing_summary_postroute_physopted.pb"/>
  <File Type="POSTROUTE-PHYSOPT-TIMING" Name="adder_toplevel_timing_summary_postroute_physopted.rpt"/>
  <File Type="POSTROUTE-PHYSOPT-BLACKBOX-DCP" Name="adder_toplevel_postroute_physopt_bb.dcp"/>
  <File Type="POSTROUTE-PHYSOPT-DCP" Name="adder_toplevel_postroute_physopt.dcp"/>
  <File Type="ROUTE-BUS-SKEW-RPX" Name="adder_toplevel_bus_skew_routed.rpx"/>
  <File Type="ROUTE-BUS-SKEW-PB" Name="adder_toplevel_bus_skew_routed.pb"/>
  <File Type="ROUTE-BUS-SKEW" Name="adder_toplevel_bus_skew_routed.rpt"/>
  <File Type="ROUTE-CLK" Name="adder_toplevel_clock_utilization_routed.rpt"/>
  <File Type="ROUTE-SIMILARITY" Name="adder_toplevel_incremental_reuse_routed.rpt"/>
  <File Type="ROUTE-TIMING-RPX" Name="adder_toplevel_timing_summary_routed.rpx"/>
  <File Type="ROUTE-TIMING-PB" Name="adder_toplevel_timing_summary_routed.pb"/>
  <File Type="ROUTE-TIMINGSUMMARY" Name="adder_toplevel_timing_summary_routed.rpt"/>
  <File Type="ROUTE-STATUS-PB" Name="adder_toplevel_route_status.pb"/>
  <File Type="ROUTE-STATUS" Name="adder_toplevel_route_status.rpt"/>
  <File Type="ROUTE-PWR-RPX" Name="adder_toplevel_power_routed.rpx"/>
  <File Type="ROUTE-PWR-SUM" Name="adder_toplevel_power_summary_routed.pb"/>
  <File Type="ROUTE-PWR" Name="adder_toplevel_power_routed.rpt"/>
  <File Type="ROUTE-METHODOLOGY-DRC-PB" Name="adder_toplevel_methodology_drc_routed.pb"/>
  <File Type="ROUTE-METHODOLOGY-DRC-RPX" Name="adder_toplevel_methodology_drc_routed.rpx"/>
  <File Type="ROUTE-METHODOLOGY-DRC" Name="adder_toplevel_methodology_drc_routed.rpt"/>
  <File Type="ROUTE-DRC-RPX" Name="adder_toplevel_drc_routed.rpx"/>
  <File Type="ROUTE-DRC-PB" Name="adder_toplevel_drc_routed.pb"/>
  <File Type="ROUTE-DRC" Name="adder_toplevel_drc_routed.rpt"/>
  <File Type="ROUTE-BLACKBOX-DCP" Name="adder_toplevel_routed_bb.dcp"/>
  <File Type="ROUTE-DCP" Name="adder_toplevel_routed.dcp"/>
  <File Type="ROUTE-ERROR-DCP" Name="adder_toplevel_routed_error.dcp"/>
  <File Type="PHYSOPT-TIMING" Name="adder_toplevel_timing_summary_physopted.rpt"/>
  <File Type="PHYSOPT-DRC" Name="adder_toplevel_drc_physopted.rpt"/>
  <File Type="PHYSOPT-DCP" Name="adder_toplevel_physopt.dcp"/>
  <File Type="POSTPLACE-PWROPT-TIMING" Name="adder_toplevel_timing_summary_postplace_pwropted.rpt"/>
  <File Type="POSTPLACE-PWROPT-DCP" Name="adder_toplevel_postplace_pwropt.dcp"/>
  <File Type="PLACE-TIMING" Name="adder_toplevel_timing_summary_placed.rpt"/>
  <File Type="PLACE-PRE-SIMILARITY" Name="adder_toplevel_incremental_reuse_pre_placed.rpt"/>
  <File Type="PLACE-SIMILARITY" Name="adder_toplevel_incremental_reuse_placed.rpt"/>
  <File Type="PLACE-CTRL" Name="adder_toplevel_control_sets_placed.rpt"/>
  <File Type="PLACE-UTIL-PB" Name="adder_toplevel_utilization_placed.pb"/>
  <File Type="PLACE-UTIL" Name="adder_toplevel_utilization_placed.rpt"/>
  <File Type="PLACE-CLK" Name="adder_toplevel_clock_utilization_placed.rpt"/>
  <File Type="PLACE-IO" Name="adder_toplevel_io_placed.rpt"/>
  <File Type="PLACE-DCP" Name="adder_toplevel_placed.dcp"/>
  <File Type="PWROPT-TIMING" Name="adder_toplevel_timing_summary_pwropted.rpt"/>
  <File Type="PWROPT-DRC" Name="adder_toplevel_drc_pwropted.rpt"/>
  <File Type="PWROPT-DCP" Name="adder_toplevel_pwropt.dcp"/>
  <File Type="OPT-HWDEF" Name="adder_toplevel.hwdef"/>
  <File Type="OPT-METHODOLOGY-DRC" Name="adder_toplevel_methodology_drc_opted.rpt"/>
  <File Type="OPT-DRC" Name="adder_toplevel_drc_opted.rpt"/>
  <File Type="OPT-DCP" Name="adder_toplevel_opt.dcp"/>
  <File Type="OPT-TIMING" Name="adder_toplevel_timing_summary_opted.rpt"/>
  <File Type="REPORTS-TCL" Name="adder_toplevel_reports.tcl"/>
  <File Type="INIT-TIMING" Name="adder_toplevel_timing_summary_init.rpt"/>
  <File Type="PA-TCL" Name="adder_toplevel.tcl"/>
  <FileSet Name="sources" Type="DesignSrcs" RelSrcDir="$PSRCDIR/sources_1" RelGenDir="$PGENDIR/sources_1">
    <Filter Type="Srcs"/>
    <File Path="$PSRCDIR/sources_1/new/full_adder.sv">
      <FileInfo>
        <Attr Name="UsedIn" Val="synthesis"/>
        <Attr Name="UsedIn" Val="implementation"/>
        <Attr Name="UsedIn" Val="simulation"/>
      </FileInfo>
    </File>
    <File Path="$PSRCDIR/sources_1/imports/design_source/hex_driver.sv">
      <FileInfo>
        <Attr Name="ImportPath" Val="$PPRDIR/../vivado/lab3_provided_fa24-2/design_source/hex_driver.sv"/>
        <Attr Name="ImportTime" Val="1739318843"/>
        <Attr Name="UsedIn" Val="synthesis"/>
        <Attr Name="UsedIn" Val="implementation"/>
        <Attr Name="UsedIn" Val="simulation"/>
      </FileInfo>
    </File>
    <File Path="$PSRCDIR/sources_1/imports/design_source/load_reg.sv">
      <FileInfo>
        <Attr Name="ImportPath" Val="$PPRDIR/../vivado/lab3_provided_fa24-2/design_source/load_reg.sv"/>
        <Attr Name="ImportTime" Val="1739318843"/>
        <Attr Name="UsedIn" Val="synthesis"/>
        <Attr Name="UsedIn" Val="implementation"/>
        <Attr Name="UsedIn" Val="simulation"/>
      </FileInfo>
    </File>
    <File Path="$PSRCDIR/sources_1/imports/design_source/negedge_detector.sv">
      <FileInfo>
        <Attr Name="ImportPath" Val="$PPRDIR/../vivado/lab3_provided_fa24-2/design_source/negedge_detector.sv"/>
        <Attr Name="ImportTime" Val="1739318843"/>
        <Attr Name="UsedIn" Val="synthesis"/>
        <Attr Name="UsedIn" Val="implementation"/>
        <Attr Name="UsedIn" Val="simulation"/>
      </FileInfo>
    </File>
    <File Path="$PSRCDIR/sources_1/imports/design_source/ripple_adder.sv">
      <FileInfo>
        <Attr Name="ImportPath" Val="$PPRDIR/../vivado/lab3_provided_fa24-2/design_source/ripple_adder.sv"/>
        <Attr Name="ImportTime" Val="1739318843"/>
        <Attr Name="UsedIn" Val="synthesis"/>
        <Attr Name="UsedIn" Val="implementation"/>
        <Attr Name="UsedIn" Val="simulation"/>
      </FileInfo>
    </File>
    <File Path="$PSRCDIR/sources_1/imports/design_source/select_adder.sv">
      <FileInfo>
        <Attr Name="ImportPath" Val="$PPRDIR/../vivado/lab3_provided_fa24-2/design_source/select_adder.sv"/>
        <Attr Name="ImportTime" Val="1739318843"/>
        <Attr Name="UsedIn" Val="synthesis"/>
        <Attr Name="UsedIn" Val="implementation"/>
        <Attr Name="UsedIn" Val="simulation"/>
      </FileInfo>
    </File>
    <File Path="$PSRCDIR/sources_1/imports/design_source/sync_debounce.sv">
      <FileInfo>
        <Attr Name="ImportPath" Val="$PPRDIR/../vivado/lab3_provided_fa24-2/design_source/sync_debounce.sv"/>
        <Attr Name="ImportTime" Val="1739318843"/>
        <Attr Name="UsedIn" Val="synthesis"/>
        <Attr Name="UsedIn" Val="implementation"/>
        <Attr Name="UsedIn" Val="simulation"/>
      </FileInfo>
    </File>
    <File Path="$PSRCDIR/sources_1/imports/design_source/adder_toplevel.sv">
      <FileInfo>
        <Attr Name="ImportPath" Val="$PPRDIR/../vivado/lab3_provided_fa24-2/design_source/adder_toplevel.sv"/>
        <Attr Name="ImportTime" Val="1739318843"/>
        <Attr Name="UsedIn" Val="synthesis"/>
        <Attr Name="UsedIn" Val="implementation"/>
        <Attr Name="UsedIn" Val="simulation"/>
      </FileInfo>
    </File>
    <File Path="$PSRCDIR/sources_1/imports/design_source/lookahead_adder.sv">
      <FileInfo>
        <Attr Name="AutoDisabled" Val="1"/>
        <Attr Name="ImportPath" Val="$PPRDIR/../vivado/lab3_provided_fa24-2/design_source/lookahead_adder.sv"/>
        <Attr Name="ImportTime" Val="1739318843"/>
        <Attr Name="UsedIn" Val="synthesis"/>
        <Attr Name="UsedIn" Val="implementation"/>
        <Attr Name="UsedIn" Val="simulation"/>
      </FileInfo>
    </File>
    <File Path="$PSRCDIR/sources_1/new/ADDER4.sv">
      <FileInfo>
        <Attr Name="AutoDisabled" Val="1"/>
        <Attr Name="UsedIn" Val="synthesis"/>
        <Attr Name="UsedIn" Val="implementation"/>
        <Attr Name="UsedIn" Val="simulation"/>
      </FileInfo>
    </File>
    <Config>
      <Option Name="DesignMode" Val="RTL"/>
      <Option Name="TopModule" Val="adder_toplevel"/>
      <Option Name="TopAutoSet" Val="TRUE"/>
    </Config>
  </FileSet>
  <FileSet Name="constrs_in" Type="Constrs" RelSrcDir="$PSRCDIR/constrs_1">
    <Filter Type="Constrs"/>
    <File Path="$PSRCDIR/constrs_1/imports/pin_assignment/top.xdc">
      <FileInfo>
        <Attr Name="ImportPath" Val="$PPRDIR/../vivado/lab3_provided_fa24-2/pin_assignment/top.xdc"/>
        <Attr Name="ImportTime" Val="1739318843"/>
        <Attr Name="UsedIn" Val="synthesis"/>
        <Attr Name="UsedIn" Val="implementation"/>
      </FileInfo>
    </File>
    <Config>
      <Option Name="ConstrsType" Val="XDC"/>
    </Config>
  </FileSet>
  <FileSet Name="utils" Type="Utils" RelSrcDir="$PSRCDIR/utils_1">
    <Filter Type="Utils"/>
    <File Path="$PSRCDIR/utils_1/imports/synth_1/adder_toplevel.dcp">
      <FileInfo>
        <Attr Name="UsedIn" Val="synthesis"/>
        <Attr Name="UsedIn" Val="implementation"/>
        <Attr Name="UsedInSteps" Val="synth_1"/>
        <Attr Name="AutoDcp" Val="1"/>
      </FileInfo>
    </File>
    <Config>
      <Option Name="TopAutoSet" Val="TRUE"/>
    </Config>
  </FileSet>
  <Strategy Version="1" Minor="2">
    <StratHandle Name="Vivado Implementation Defaults" Flow="Vivado Implementation 2022"/>
    <Step Id="init_design"/>
    <Step Id="opt_design"/>
    <Step Id="power_opt_design"/>
    <Step Id="place_design"/>
    <Step Id="post_place_power_opt_design"/>
    <Step Id="phys_opt_design"/>
    <Step Id="route_design"/>
    <Step Id="post_route_phys_opt_design"/>
    <Step Id="write_bitstream"/>
  </Strategy>
</GenRun>
